location_street_address,location_specifier,location_postcode,area_living,floor_number
Hietalahdenkatu 6,B 26,00180,21.00,4
Limonadikuja 3,B 21,00390,74.00,2
Raitamaantie 11,J,00420,105.00,1
Vanha Myllypolku 4,A 3,01360,91.50,1
Wallininkuja 2,C 47,00530,25.50,5
Piilipuuntie 31,A 17,02250,45.50,3
Keskiyöntie 13,as. D,02210,81.00,1
Kivisaarentie 12,B 12,00960,23.50,1
Pietarinkatu 15,B 47,00140,24.00,1
Rantakiventie 20,B 6,00960,134.00,1
Laivanvarustajankatu 9,A 2,00140,42.60,1
Reginankuja 4,A 7,00810,76.00,2
Riistatie 3,F 6,02940,91.00,1
Metsolantie 6,A 13,01450,74.50,4
Perilänniitty 2,B 81,02600,49.50,8
Kaarenjalka 5a,A 48,00940,68.00,7
Juhana-herttuan tie 12,I 105,00600,74.10,5
Kotikonnuntie 9,C 51,00940,72.50,3
Kaivosrinteentie 6,D 32,01610,39.00,3
Saariselänkuja 4,A 5,00970,34.00,2
Riihitie 23,B 11,00330,65.00,1
Ouluntie 3,A 2,00550,65.00,1
Asiakkaankatu 1,B 39,00930,59.50,6
Kuhatie 10,B 12,02170,52.00,1
Rautkalliontie 7,C 16,01360,61.00,1
Lammaslammentie 17,F 45,01710,69.00,2
Iiluodontie 9,A 46,00990,34.00,8
Torkkelinkuja 24,A 9,00500,46.00,2
Wavulinintie 5,B 33,00210,71.00,3
Kehävuorenkuja 1,C 9,01690,40.50,1
Hanuripolku 6,A 102,00420,71.50,4
Pohjoiskaari 17,C 12,00200,87.50,1
Säveltie 7,E 39,00720,77.00,2
Ailakkitie 6,H,01350,89.00,1
Kristianinkatu 7,A 4b,00170,26.00,2
Matinpuronkuja 2,G 55,02230,44.00,5
Kapteeninkatu 26,D 76,00140,39.00,3
Hiihtomäentie 40,A 2,00800,38.00,1
Nuijatie 4,B 13,01650,59.00,2
Jousenpuistonkatu 1,A 40,02200,75.00,7
Tankomäenkatu 10,A 6,00950,29.50,2
Liukulaakerinkuja 4,B 32,00520,80.00,2
Mariankatu 26,B 6,00170,142.00,2
Mäkelänkatu 20,A 9,00510,55.00,4
Pienen Villasaaren tie 1-3,B 15,00960,51.00,3
Kolsarintie 4,C 52,00390,44.00,1
Pietarinkatu 19,A 2a,00140,63.50,1
Iiluodontie 3,A 17,00990,58.00,4
Lönnrotinkatu 45,A 15,00180,95.80,4
Liuskekuja 4,D 38,00710,41.00,1
Nousiaistentie 2,A 8,00280,23.20,2
Mannerheimintie 93,J 244,00270,52.00,1
Kenttätie 10,E 44,00720,30.00,3
Hietaniemenkatu 12,A 3,00100,44.60,1
Pehtoorintie 1,C 33,01510,76.00,2
Joupintie 6,A 22,02760,38.50,4
Wallininkuja 4,A 18,00530,34.00,4
Topeliuksenkatu 3b,D 42,00260,63.50,2
Hauenkalliontie 2,A 20,02170,63.70,5
Salakkakuja 8,B 21,02170,64.50,3
Topeliuksenkatu 3b,D 38,00260,35.00,1
Porvoonkatu 16,B 57,00510,36.00,4
Arkadiankatu 15,B 11,00100,109.00,5
Kalasatamankatu 9,A 130,00580,60.00,17
Kuusitie 18,A 32,00270,25.00,8
Palkkatilankatu 7,H 87,00240,32.00,5
Lumikintie 4,A 72,00820,55.00,4
Jälkimaininki 9,A 4,02320,75.00,1
Ulvilantie 25,B 22,00350,51.00,4
Koskenhaantie 22,D 57,00940,46.50,3
Neitsytsaarentie 3,B 176,00960,51.00,3
Birger Kaipiaisen katu 4,D 56,00560,91.00,4
Leikosaarentie 32,C 44,00990,57.00,3
Kuusitie 8,A 4,00270,35.00,1
Hus 7,A 6,00960,72.50,2
Sturenkatu 40,I 99,00550,30.50,1
Fredrikinkatu 31,B 29,00120,29.70,3
Lukijankuja 2,A 4,00730,62.00,2
Lauranpolku 1,A 9,01360,79.00,2
Loviseholminpolku 8,A 10,00540,62.50,3
Kivihaantie 12,A 33,00310,29.20,2
Sörnäistenkatu 12,A 9,00580,51.00,2
Kotisaarenkatu 6,D 71,00560,62.50,3
Kuunsirppi 6,A 29,02210,28.50,5
Artturi Kanniston tie 8,A 9,00320,52.00,3
Lontoonkatu 10,A 16,00560,87.00,3
Haahkatie 16,B 27,00200,46.50,4
Lammasrinne 4,B 31,01710,33.00,3
Ulappakatu 1,A 59,02320,102.00,11
Ståhlbergintie 4,A 7,00570,38.00,3
Kauppalantie 13,C 27,00320,33.00,1
Tatartie 2,D 16,02620,96.00,1
Fredrikinkatu 60,A 24,00100,122.50,6
Iso Roobertinkatu 29-31,A 11,00120,279.00,3
Mäntytie 25,B 31,00270,40.00,4
Tukholmankatu 13,A 22,00270,20.00,2
Teljäntie 9,A 2,00350,85.00,1
Eskolantie 5,E 71,00720,83.50,3
Akatemiantaival 52,C,01380,67.00,1
Purjeentekijänkuja 13,A 5,00210,110.00,2
Myllärintanhua 2,C 7,00920,75.00,1
Pohjantie 2,A 24,02100,36.50,3
Vanhaistentie 12,N 87,00420,108.70,1
Keskiyöntie 17,as. D,02210,160.50,1
Neitojenpolku 8,D 7,00810,123.00,1
Haapasaarentie 11,H 381,00960,47.00,2
Isonniitynkatu 7,A 4,00520,84.50,3
Verkkotie 25,A 2,00980,91.50,1
Posliinipiha 1,C 38,00560,54.00,4
Pajalahdentie 23,B 26,00200,43.00,3
Hollantilaisentie 9,B 12,00330,104.00,1
Limingantie 23-25,C 10,00560,45.00,1
Cygnaeuksenkatu 12,B 8,00100,108.00,1
Antaksentie 7,A 36,01510,48.00,6
Eerikinkatu 40,B 33,00180,50.00,3
Mäenrinne 1,B 24,02160,61.50,3
Limingantie 44-46,A B,00560,86.00,1
Raisiontie 4,C 29,00280,39.00,4
Kersantintie 3,A 26,01700,116.00,1
Hela-aukio 3,B 55,00700,52.50,6
Hämeentie 35,A 22,00500,29.00,3
Oksanmäki 6,A 23,01300,22.00,3
Sturenkatu 37-41,I 80,00550,54.00,2
Aleksis Kiven katu 27,B 36,00520,81.00,3
Meri-Rastilan tie 21,E 54,00980,45.00,1
Kotikonnuntie 9,C 57,00940,72.50,5
Ryytimaantie 7,C 5,01630,78.00,1
Ellipsipolku 2,A 29,02210,57.50,5
Kapteeninkatu 7,D 74,00140,24.00,5
Aleksis Kiven katu 29,A 11,00520,64.50,3
Ohjaajantie 28,D 35,00400,34.00,3
Sankaritie 4,B 17,00320,36.50,3
Louhentie 13,C 20,02130,70.00,2
Metsäläntie 22,A 5,00320,106.00,1
Myllymatkantie 1,E 39,00920,54.90,1
Kiilletie 5,E 47,00710,60.00,3
Punahilkantie 12,D 33,00820,53.00,2
Yhdistystie 9,A 9,00320,60.00,3
Tuhkimontie 7-9,F 39,00820,61.00,1
Kätköpaikantie 4,as. 8,02780,115.00,1
Solisevantie 4,B 4,02760,106.50,2
Ohjaajantie 8,A 7,00400,29.00,2
Suvikuja 4,B 27,02120,37.00,1
Sulkapolku 1,B 5,00370,69.00,1
Malmin raitti 8-10,B 18,00700,61.00,2
Ansaritie 3,A 13,00350,24.00,3
Gräsantörmä 13,A 11,02200,80.50,3
Metsomäentie 5,G 21,01260,80.00,1
Välimerenkatu 10,B 67,00220,68.00,8
Malminkatu 36,B 33,00100,36.00,2
Tunturikatu 3,A 14,00100,120.00,4
Puolikkotie 6,B 65,02230,60.00,6
Viherkallionkuja 3,A 126,02710,42.00,1
Laulurastaankuja 1,A 2,00700,34.00,2
Lielahdentie 14,B 13,00200,50.00,1
Tilkankatu 14,A 4,00300,92.50,2
Majavatie 8,A 15,00800,43.50,3
Kotisaarenkatu 6,B 40,00560,113.00,6
Lokkalintie 1-3,A 10,00330,25.00,3
Kiirunapolku 8,E 10,01450,88.00,1
Särkiniementie 15,E 91,00210,60.50,2
Kapteeninkatu 4,E 26,00140,111.40,3
Huhtakivenkuja 2,D 1,00970,69.50,1
Porttikuja 1,C 129,00940,70.00,2
Tuulimyllyntie 8,D 90,00920,72.00,2
Kellarikuja 1,B 9,02630,78.00,1
Heinäpoudankuja 3,A,02760,76.00,1
Norotie 6,B 20,01600,97.50,5
Kuusistonlinnantie 1,F 49,00900,65.50,3
Hauenkalliontie 12,H 112,02170,28.00,1
Messeniuksenkatu 9,A 35,00250,80.00,7
Vanamontie 4,A 67,01350,59.50,1
Ruoholahdenranta 1,C 34,00180,89.50,4
Luotsikatu 14,A 2,00160,143.00,2
Toppelundintie 3,A 12,02170,110.50,5
Simonkatu 10,D 72,00100,83.00,6
Yläkiventie 3,B 58,00920,61.50,4
Poutamäentie 12,B 16,00360,54.50,1
Satamasaarentie 3,B 68,00980,36.00,6
Keinutie 10,B 13,00940,76.50,2
Kaarenjalka 4,B 36,00940,53.00,3
Kauppiaankatu 12,B 19,00160,90.00,2
Laajalahdentie 19,A 16,00330,84.00,5
Otsolahdentie 16,A 21,02110,25.00,3
Agricolankatu 9,B 35 b,00530,41.50,2
Adolf Lindforsin tie 1,B 51,00400,24.50,3
Kustaankatu 9,C 45,00500,48.00,2
Jääkärinkatu 8,B 32,00150,33.50,3
Ilmarinkatu 8,A 21,00100,24.40,5
Valkealantie 12,as. 3,00950,81.00,1
Jönsaksenkuja 3,D 33,01600,72.00,3
Adolf Lindforsin tie 11,B 13,00400,52.00,2
Niemenmäentie 6,B 29,00350,57.00,4
Vesirattaanmäki 1,B 48,02740,44.00,4
Sotkatie 5,B 10,00200,51.00,2
Neulapadontie 4,H 74,00920,71.20,2
Toinen linja 13,A 5,00530,43.50,3
Mechelininkatu 19,C 50,00100,23.00,4
Matinniitynkuja 3,B 56,02230,47.50,4
Eerikinkatu 48,E 98,00180,22.90,2
Itämerenkatu 16,H 165,00180,40.00,5
Hietalahdenkatu 12,A 16,00180,68.00,4
Kuvastimentie 1,E 8,02210,47.50,2
Luoteisväylä 32,A 7,00200,32.30,2
Rajamännynkuja 3,B 4,02710,31.00,1
Fleminginkatu 13,B 46,00500,22.00,5
Lönnrotinkatu 33-35,F 79,00180,42.50,4
Kajanuksenkatu 4,A 15,00250,40.00,3
Harustie 1,F 56,00980,54.50,1
Kurkimäentie 23,A 2,00940,74.50,1
Ratakatu 11-13,B 23,00120,63.00,3
Ulvilantie 19 c,B 57,00350,31.00,7
Paciuksenkaari 19,B 44,00270,45.00,6
Saarenmaankatu 8,A 2,00980,131.00,1
Killingholmankuja 3,A 16,00810,85.50,3
Piispantie 4,E 24,00370,29.00,2
Lähderanta 20,F 38,02720,27.00,4
Klaavuntie 6,H 71,00910,26.00,3
Risupadontie 6,F 43,00640,78.00,3
Kivihaankuja 6,C 24,00310,59.00,3
Emännänkuja 1,G 54,01670,85.50,2
Vanha Tapanilantie 48,as. G,00730,115.00,1
Valhallankatu 11,A 9,00250,79.00,3
Näkinkuja 7a,A 6,00530,23.00,1
Vähäntuvantie 7,A 11,00390,42.00,4
Laivanvarustajankatu 6,B 13,00140,163.50,3
Maauuninkuja 4,F 59,01450,80.00,3
Laivapojankatu 3,B 35,00180,49.00,5
Kauppaneuvoksentie 14,A 3,00200,69.20,1
Suezinkatu 7,B 34,00220,83.50,5
Kämnerintie 6,C 35,00750,35.00,3
Vilhonvuorenkatu 7-9,C 78,00500,30.00,6
Heteniityntie 5,A 5,00960,47.50,2
Uuno Kailaan katu 5,C 75,02600,51.50,5
Kalevankatu 38,D 60,00180,30.00,3
Niittaajankatu 7,A 11,00810,40.50,4
Zirkonipolku 2,A 5,01700,60.00,2
Kivipyykintie 6-8,D 32,00710,51.00,3
Talvikkitie 13,A 3,01300,51.00,1
Saturnuksenrinne 1,A 27,01480,62.50,6
Fredrikinkatu 62,B 36,00100,30.30,3
Roihuvuorentie 18,C 94,00820,52.50,1
Kalliolinnantie 16,C 13,00140,240.00,1
Kuulakuja 4,B 22,01280,45.00,1
Neitsytpolku 2a,B 36,00140,43.80,5
Teljäntie 5,C 46,00350,81.00,4
Oravakuja 10,B 6,01450,82.00,1
Palotie 14,A 6,02760,55.00,1
Purjeentekijänkuja 13,C 39,00210,48.50,3
Lohitie 7,A 4,02170,106.00,1
Ruusutorpanpolku 11,as. A,02600,93.30,1
Porvoonkatu 32,A 11,00520,37.00,4
Juhanintie 8,as. E,02180,82.50,1
Meritullinkatu 13,B 40,00170,50.50,2
Jan-Magnus Janssonin aukio 6,A 24,00560,47.50,4
Hietalahdenranta 11,A 6a,00180,169.50,4
Neilikkatie 8,C 102,01300,63.50,6
Sahanmäenkuja 4,B 37,00520,95.00,5
Haagan urheilutie 18,B 24,00320,36.00,3
Puustellinpolku 8,K 23,00410,108.00,3
Yrttikuja 6,C,01300,113.00,1
Hiekkaharjuntie 18,A 9,01300,62.00,3
Kunnaantie 15,K,01370,135.00,1
Suvilahdenkatu 1,A 16,00500,45.40,4
Tammitie 21,B 44,00330,49.50,1
Lauttasaarentie 1,B 31,00200,101.50,6
Kulmavuorenkatu 5,A 44,00500,54.50,6
Särkitie 11,as. 3,02170,192.00,1
Neitsytpolku 9,F 86,00140,51.00,2
Kettutie 4,B 24,00800,27.50,4
Risto Rytin kuja 1,B 23,00570,82.00,2
Pariisinkuja 2,C 69,00560,123.50,7
Santakatu 2,A 5,00180,58.50,2
Peräsin 3,B,02320,122.00,1
Käenkuja 3b,B 81,00500,38.50,6
Köökarinkuja 3,B 19,00840,44.00,4
Niittykulmantie 3,B 13,00440,43.50,1
Rajatie 39a,A 1,01230,20.00,1
Porttikuja 5,A 13,00940,57.00,4
Sturenkatu 32,B 21,00550,35.00,2
Orioninkatu 6,C 45,00550,37.50,4
Tallimestarintie 19,as. 7,02940,83.00,1
Malminkatu 38,A 21,00100,49.40,5
Rapakiventie 10,H 73,00710,58.00,1
Kivenlahdenkatu 3,H 90,02320,82.00,2
Maasälväntie 5,F 34,00710,67.00,3
Kauriintie 4,D 33,00740,132.00,2
Ruususenrinne 2,D 71,00820,35.50,3
Kluuvintie 9,as. Q,02180,81.00,1
Tuohimäentie 92a,B 2,00670,92.00,1
Saariseläntie 2,H 109,00970,65.00,2
Köydenpunojankatu 7,A 8a,00180,22.00,4
Kapteeninkatu 7,A 20,00140,25.00,8
Vilppulantie 24,G 76,00700,34.00,4
Professorintie 2,B 22,00330,53.50,3
Paapuuri 4,B 36,02330,47.50,3
Pienen Villasaaren tie 9,C 19,00960,112.00,1
Ristolantie 18,A 9,00320,34.00,3
Pyynikintie 5,C 30,00710,30.80,3
Tehtaankatu 11,B 19,00140,217.00,7
Albertinkatu 44,B 28,00180,21.10,6
Venuksentie 6,L 129,01480,97.00,3
Kahvipavunkuja 3,D 79,00990,30.00,2
Hannuntie 21,F 25,02360,66.00,1
Köydenpunojankatu 7,A 11,00180,71.00,5
Maauuninkuja 4,F 56,01450,80.00,2
Inkoonkatu 2,B 30,00520,20.50,4
Nuijamiestentie 30,A C3+1,00400,54.00,1
Rautakiskonkuja 4,B 17,02650,61.00,3
Lummetie 43,D 16,01300,78.00,1
Huvilakatu 25,A 3,00150,134.50,4
Kaskenpolttajantie 18,as. A,02340,95.00,1
Vähäntuvantie 1a,B 53,00390,56.50,3
Pihkatie 3,A 7,00410,42.50,3
Vuokselantie 10,H,02140,107.50,1
Yllästunturintie 2,B 16,00970,77.00,3
Tilkankatu 6,C 46,00300,57.00,5
Ostostie 2,A 2,00940,49.00,1
Kallioimarteentie 7,B 40,01350,55.00,2
Leikosaarentie 28,B 81,00990,51.00,7
Biologinkatu 6,E 47,00790,115.00,2
Hiekkaharjuntie 10,B 35,01300,65.00,3
Hukantie 8,B 3,01450,77.00,1
Merenkulkijankatu 3,A 8,02320,35.00,3
Iso Roobertinkatu 41,A 27,00120,42.00,5
Keinutie 6,I 50,00940,107.00,1
Laurinniityntie 5,A 8,00440,31.00,3
Laivasillankatu 14,A 14,00140,84.50,5
Koillisväylä 11,A 3,00200,53.00,1
Englantilaisaukio 10,A 212,00580,46.50,26
Vanamontie 4,A 100,01350,59.50,1
Leilankuja 4,A 12,02230,61.50,3
Mestarinkatu 8,A 29,02650,50.00,6
Punakiventie 11,G 190,00980,70.00,3
Meteorinkatu 5,B 15,02210,51.50,1
Museokatu 29,B 49,00100,49.00,6
Porvoonkatu 17,A 17,00510,40.90,4
Kanneltie 4,A 12,00420,51.00,4
Stenbäckinkatu 6,B 33,00250,79.50,3
Iivisniementie 2,I 144,02260,76.50,4
Mannerheimintie 54,A 5,00260,40.50,1
Pyynikintie 5,C 23,00710,61.50,1
Haapaniemenkatu 11,B 61,00530,71.50,5
Peltolantie 13,A 8,01300,49.50,3
Puistokatu 5,B 9,00140,267.00,4
Linnankoskenkatu 8,A 23,00250,53.00,4
Matinkatu 20,D 104,02230,61.50,6
Alkutie 69,C 4,00660,88.50,1
Tammistonkatu 33,B 23,01520,66.50,1
Siltavoudintie 1,D 31,00640,94.50,3
Kristianinkatu 7,B 25,00170,35.00,5
Hakolahdentie 1,A 7,00200,25.00,2
Vaasankatu 23,B 48,00500,19.00,4
Sörnäistenkatu 19,C 50,00580,72.50,4
Bermudankatu 1,B 95,00220,32.50,3
Mätästie 1,A 6,00770,80.00,2
Arinatie 20,D 44,01520,55.50,1
Kiillekuja 4,C 28,00710,60.00,2
Kirkkosalmentie 3,C 39,00840,64.50,3
Raappavuorenreuna 2,A 11,01620,86.00,6
Hiihtäjäntie 4,A 45,00810,48.00,8
Luutnantinpolku 9,B 7,00410,62.50,2
Kivihaankuja 2,A 6,00310,65.60,3
Karibianranta 4,B 50,00220,28.00,3
Sandelsinkatu 6,B 43,00260,32.00,4
Harjutori 8,A 15,00500,20.70,3
Keinulaudantie 5,D 93,00940,77.00,6
Luutnantinpolku 4,A 1,00410,46.00,1
Erik Tulindbergin kuja 2,A 1,00180,137.00,2
Lontoonkatu 10,A 15,00560,61.50,5
Ruutikatu 10,A 35,02650,28.50,6
Keinutie 3,C 42,00940,73.00,4
Teuvo Pakkalan tie 4,N 121,00400,81.50,1
Raisiontie 7,A 17,00280,29.00,3
Humalistonkatu 1b,A 13,00250,82.00,3
Kotisaarenkatu 7,C 38,00560,94.00,3
Sysimiehenpolku 8,1 B,00670,107.00,1
Kappalaisentie 4,A 1,02940,79.50,1
Kylätie 2,A 9,00320,44.00,2
Klaavuntie 14,D 41,00910,61.00,3
Pääskylänrinne 7,B 66,00500,28.00,2
Hopeakaivoksentie 36,A 17,00590,49.50,3
Tallimestarintie 21,C 8,02940,59.50,1
Urho Kekkosen katu 3,A 5,00100,51.00,4
Saniaistie 5,A 13,00730,28.00,3
Untamontie 7,F 37,00610,60.50,2
Munkkiniemen puistotie 25,B 27,00330,54.00,5
Johan Sederholmin tie 2,E 47,00810,74.50,2
Hansatie 4,B 10,02780,93.00,2
Kuusitie 3,A 8,00270,24.00,3
Suursuontie 6,A 6,00630,47.00,2
Nokitontunkuja 1,B 14,02200,36.50,2
Rantakukankuja 2,B 23,01300,55.00,3
Metsänpojankuja 7,B 52,02130,30.50,5
Myllymatkantie 1,A 6,00920,74.60,2
Kulosaaren puistotie 36,A 7,00570,87.00,3
Rautkalliontie 10,A 11,01360,49.50,4
Punavuorenkatu 5,A 13,00120,60.00,2
Kruunuvuorenkatu 15,F 57,00160,56.50,4
Komentajankatu 8,A 2,02600,30.50,1
Liusketie 16,K 60,00710,67.50,1
Porthaninkatu 11,D 76,00530,49.00,7
Luotsikatu 3,B 13,00160,91.50,4
Rastilantie 2,B 43,00980,71.00,1
Kutomotie 11,B 21,00380,49.00,2
Punavuorenkatu 23,A 15,00150,89.00,4
Puolikuu 3,E 46,02210,87.00,3
Itälahdenkatu 10,B46 46,00210,78.50,6
Haapaniemenkatu 16,C 393,00530,41.50,8
Saunalahdentie 13,B 13,00330,97.00,1
Vuorimiehenkatu 1,C 17,00140,146.00,3
Rintamäentanhua 6,B 7,02770,96.00,1
Haapaniemenrinne 1,A 1,02940,89.00,1
Nuppukuja 9,A 1,00790,80.50,1
Tykkitie 2,A 1,02100,45.00,1
Punavuorenkatu 21,A 21,00150,36.00,6
Kuparitie 14,F 80,00440,95.00,1
Ounasvaarantie 5,C 48,00970,73.50,4
Laivurinkatu 13,A 9,00150,72.00,4
Kinaporinkatu 1,D 95,00500,29.30,4
Hakarinne 6,H 108,02120,62.00,1
Kiskottajankuja 3,B 17,02660,52.00,3
Juhannusruusunkuja 4,A 15,00990,88.00,5
Ulvilantie 29,A 135,00350,45.00,6
Laivapojankatu 3,B 38,00180,118.50,6
Merimiehenkatu 41,A 2,00150,25.50,1
Varhelantie 7,A 5,00970,56.50,2
Lauhatie 6,A 6,01300,54.00,3
Myllymatkantie 1,D 35,00920,33.70,3
Kokinkyläntie 20,F,02180,77.50,1
Urheilukatu 28,A 4,00250,27.00,1
Ankkuritie 4,A 17,02320,49.00,2
Punavuorenkatu 16,A 8,00150,49.00,3
Kukinkuja 4,G 100,01620,73.00,5
Kala-Matti 3,A 10,02230,69.00,2
Pläsinpellonkuja 1,G 41,00740,75.00,1
Hiekkaharjuntie 6,C 31,01300,57.00,3
Eerikinkatu 41,B 74,00180,65.50,4
Kunnaantie 7,C 15,01370,95.00,1
Fleminginkatu 17,A 13,00500,20.00,4
Sturenkatu 13,B 51,00510,25.00,4
Teollisuuskatu 28,B 80,00520,67.50,9
Kruunuvuorenkatu 15,E 42,00160,73.50,4
Karviaiskaari 5,as. 7,01690,119.00,1
Yrjönkatu 25,C 16,00100,49.00,2
Kuovitie 6,E,01450,82.50,1
Myyrätie 12,A 4,01450,29.00,2
Ruutikellarinkuja 8,C 117,02650,44.00,5
Mallaskatu 3,B 55,00120,129.50,7
Sokerilinnantie 1,A 11,02600,53.00,4
Kersantintie 2,B 2,01700,117.00,1
Ruusankatu 2,A 37,00250,40.00,7
Tyrskyvuori 2,E 76,02320,90.00,4
Pakkalanrinne 1,B 19,01510,64.50,2
Maskuntie 9,A 9,00280,82.00,3
Kuukausikuja 3,A 2,02200,120.00,1
Soukantie 15,A 15,02360,56.00,4
Paraistentie 8,A 9,00280,34.50,2
Laivalahdenkaari 42,A 12,00810,80.50,4
Välimerenkatu 4,D 60,00220,83.00,3
Kasarmikatu 6,A 4,00140,27.50,2
Leiviskätie 2a,B 20,00440,55.00,4
Kuusitie 15,B 56,00270,52.00,5
Rintinpolku 5,C 13,00940,61.50,1
Kivihaantie 5,B 22,00310,29.00,3
Säynävätie 5,H 8,02170,126.50,1
Pykälätie 3,A 8,00690,59.00,2
Flöitti Dianan kuja 4,A 2,00540,39.50,1
Peltoniemenkuja 4,A 6,01360,60.00,3
Vantaanlaaksonraitti 3,D 26,01670,76.00,1
Suopellonkaari 61,C 36,00630,78.50,4
Huvilinnantie 5,B 15,02600,48.00,2
Apollonkatu 7,A 10,00100,91.00,5
Vuorimiehenkatu 29,B 17,00140,81.50,2
Kaarlo Sarkian katu 12,B 52,02600,32.00,2
Maauunintie 27,D 42,01450,80.00,2
Papinkuja 2,A 3,00530,28.50,1
Vanamontie 4,E 97,01350,95.00,2
Talttakuja 9,B 5,01650,87.10,1
Kivihaantie 5,E 70,00310,29.00,4
Neitsytpolku 9,F 108,00140,107.00,4
Pelimannintie 3,D 59,00420,69.00,3
Rosendalinrinki 3,B 51,01520,87.50,5
Tegelhagen 5,A 5,02780,126.00,1
Satamakatu 11,A 8,00160,45.50,2
Juustenintie 4,A 10,00410,56.50,3
Nordenskiöldinkatu 9,B 61,00250,65.50,7
Haapaniemenkatu 16,A 5,00530,52.50,1
Visakoivunkuja 19,A 9,02130,68.50,3
Kuulakuja 3,B 36,01280,76.00,4
Simonkyläntie 11,D 41,01390,70.50,1
Kalevankatu 45,D 31,00180,20.50,1
Silkinkutojankuja 3,B 7,00950,92.30,1
Mechelininkatu 27,B 25,00100,108.00,5
Suopellonkaari 61,B 14,00630,45.50,2
Ruorimiehenkatu 4,C 35,02320,53.50,2
Aleksis Kiven katu 33,A 10,00520,70.50,3
Kaviokuja 7,B 53,01200,48.50,3
Nokitontunkuja 1,E 37,02200,88.00,1
Perustie 15,A 7,00330,52.00,2
Kaunispääntie 3,H 55,00970,55.00,1
Vihdintie 6,A 2,00350,43.00,1
Ojatie 2,D,01670,81.00,1
Niittykatu 1,A 11,02200,50.50,3
Lounaisväylä 3,B 7,00200,46.50,1
Valssimyllynkatu 6,C 10,00920,72.50,1
Kotkatie 9,C 54,02620,73.50,3
Humalniementie 22,A 3,00840,122.00,1
Tehtaankatu 3,B 13,00140,51.00,3
Pengerkatu 22,C 53,00500,23.00,2
Maratonkuja 1,F 22,01280,79.50,1
Gunillantie 17,A 24,00870,68.00,4
Ulrikankuja 6,A 38,01400,56.50,3
Siltasaarenkatu 26,C 81,00530,28.00,2
Tehtaankatu 9,C 45,00140,77.00,6
Lapinlahdenkatu 8,C 69,00180,53.00,5
Kallioimarteentie 15,A 25,01350,55.00,5
Punakiventie 3,B 69,00980,37.50,7
Humalistonkatu 17,A 6,00250,98.00,2
Alvar Aallon katu 3,B 8,00100,49.00,3
Pastori Jussilaisen tie 6,B 19,00400,48.00,4
Viestitie 14,as. 4,01280,38.00,1
Korvatunturintie 1,F 79,00970,75.00,2
Kaivokselantie 6,A 1,01610,39.00,1
Merikorttitie 4,A 590,00960,50.80,3
Wecksellintie 6,A 14,00150,19.00,3
Hiekkaharjuntie 7,A 1,01300,48.00,1
Tietäjäntie 3,A 20,02130,49.00,2
Kivelänkatu 3,A 11,00260,37.00,3
Pajalahdentie 23,A 9,00200,98.50,3
Pohjoisranta 20b,A 18,00170,98.50,7
Hattelmalantie 5-7,C 63,00710,59.50,5
Salpausseläntie 4-8,F 46,00710,59.50,1
Ruotutie 3,as. 4,02610,130.00,1
Nelikkokuja 12,A 10,02230,52.00,2
Laajasuontie 26,B 11,00320,25.50,1
Teollisuuskatu 24,B 33,00520,77.00,3
Seilimäki 20,I 28,02180,99.50,1
Haapasaarentie 2,C 11,00980,53.50,3
Pakkalanrinne 3,B 20,01510,49.00,2
Tyrskyvuori 11,C 28,02320,33.50,1
Leilankuja 2,A 9,02230,61.50,3
Hirvitie 2,A 8,00800,53.00,2
Välimetsäntie 9,C 18,00620,79.50,1
Hämeentie 21,B 37,00500,30.00,3
Säteritilankatu 2,A 19,01520,80.50,6
Laivanvarustajankatu 8a,A 8,00140,52.00,2
otavatie 8,A 10,00200,82.00,4
Artturi Kanniston tie 7,B 20,00320,65.00,2
Henrikintie 5,C 18,00370,62.00,1
Helmiäispolku 5,A 5,00530,59.50,3
Kaustisenpolku 1,B 27,00420,71.50,3
Hämeentie 1,C 20,00530,81.00,3
Päivärinnankatu 3,B 33,00250,131.00,3
Ketokiventie 2,A 3,00710,100.00,1
Pasuunatie 2b,A 13,00420,61.50,5
Heino Kasken katu 9,C 25,00180,57.50,3
Wecksellintie 8,A 6,00150,114.00,3
Venemestarintie 4,C 14,00980,92.00,2
Merikasarminkatu 7,D 36,00160,61.00,4
Mechelininkatu 3a,B 72,00100,57.00,6
Maauunintie 27,C 28,01450,58.50,2
Paatsamapolku 2,A 15,01360,59.50,5
Angervotie 4,A 12,00320,86.50,4
Professorintie 2,A 15,00330,43.50,5
Korsipolku 3,B 14,01370,80.00,3
Kuunsäde 6,D 84,02210,86.00,7
Kiiskitie 5,B 16,02170,88.50,2
Liuskekuja 4,B 24,00710,76.00,4
Rakovalkeantie 20,as. G,00670,77.00,1
Metsänpojankuja 7,A 23,02130,25.50,5
Komeetankuja 4,C 15,02210,93.00,2
Henrik Borgströmin tie 5,D 28,00840,44.00,1
Mustankivenaukio 5,A 6,00980,57.00,1
Kuusisaarenpolku 1,as. E,00340,212.50,1
Tilkankatu 14,B 23,00300,56.50,2
Pohjolankatu 43,D 27,00610,68.00,2
Laajaniityntie 12,F 74,01620,72.50,1
Jukolanahde 1,B 11,02180,56.00,2
Lotankatu 4,B 26,02680,70.00,1
Merivalkama 1,I 81,02320,82.00,2
Vallikatu 15,A 10,02650,38.50,4
Helsinginkatu 20,A 8,00530,30.00,3
Vesalantie 42,as. 7,00940,71.00,1
Anianpellontie 17,D 59,00700,51.50,4
Kangaspellontie 5,B 21,00350,81.00,4
Kulovalkeankuja 2,B 50,02760,62.50,6
Taivaskero 5,B 23,01280,33.50,2
Kylätie 26,A 10,00320,74.00,4
Vaasankatu 16,A 12,00500,52.00,4
Solnantie 35,A 2,00330,23.00,1
Kotisaarenkatu 6,C 50,00560,63.00,3
Naavakalliontie 2,C 51,02120,24.50,2
Punnuspolku 8,B 10,00440,96.50,1
Rahapajankatu 1,E 28,00160,19.00,4
Annankatu 5,C 14,00120,74.00,2
Jousenpuistonkatu 1,A 8,02200,41.50,2
Kuoppatie 4a,A 9,00730,63.00,2
Melkonkatu 9,A 12,00210,63.50,3
Kaivosvoudintie 4,Y 200,01610,39.50,1
Livornonkatu 3,A 33,00220,29.00,3
Keinulaudankuja 2a,A 74,00940,28.00,6
Huhtakivenkuja 5,C 5,00970,123.00,1
Hiekkaharjuntie 16,C 26,01300,53.50,3
Mannerheimintie 94,B 60,00250,48.10,5
Vanha Turun maantie 3,B 16,00320,25.50,1
Kivalterintie 23,H 124,00640,50.00,3
Tulisuontie 20,A 9,00930,45.00,3
Suvantopolku 5,G 83,01600,28.00,2
Vellamonkatu 6-8,A 7,00550,65.00,4
Lumikintie 4,A 122,00820,55.00,1
Hämeentie 38,A 17,00500,49.00,4
Runoratsunkatu 1,A 34,02600,63.00,6
Kirstinkatu 15,A 10,00510,41.50,3
Renginpolku 8,B 15,00410,60.50,2
Sepänkatu 1,A 1,00150,89.00,1
Kuparitie 14,F 77,00440,63.50,1
Tattariharjuntie 18,A 2,00700,66.50,1
Norotie 6,C 27,01600,71.00,3
Merikasarminkatu 12,D 37,00160,54.00,2
Kelohongantie 9,A 39,02120,45.50,5
Kilonkuja 2,A A16,02610,65.00,2
Luotsikatu 2,C 30,00160,77.00,1
Ruusuvuorenkuja 2b,A 18,01450,71.50,4
Johan Sederholmin tie 2,F 58,00810,39.00,1
Ullanlinnankatu 3,As 80,00130,26.00,1
Neilikkatie 5,C 45,01300,89.50,3
Mimerkinkuja 4,C 41,02100,89.50,4
Saariniemenkatu 8,F 80,00530,72.00,3
Käpylänkuja 3,B 13,00610,68.00,2
Ojahaanpolku 6,C 29,01600,73.50,2
Runoratsunkatu 5,A 73,02600,41.00,10
Sateentie 6,B 121,02100,29.00,10
Uuskartanontie 18,B 3,02210,109.00,1
Murattitie 2,C 16,00720,48.50,1
Katajaharjuntie 11,A 6,00200,30.00,2
Unikkotie 3,C 28,00720,112.00,4
Jönsaksenpolku 8,A 12,01600,60.50,2
Lauttasaarentie 54,D 95,00200,110.00,5
Palkkatilankatu 5,A 10,00240,61.50,5
Iso Roobertinkatu 41,A 26,00120,82.50,5
Ulvilantie 19 b,A 2,00350,31.00,1
Iiluodontie 7,B 78,00990,58.00,7
Föglönkuja 4,C 55,00590,38.00,3
Pohjoinen Rastitie 2,A 12,01360,60.00,2
Vetelintie 5,F 89,00420,32.50,2
Pitsinvirkkaajankatu 3,as. 9,00770,48.00,1
Piispanpelto 3,B 32,02200,81.50,2
Sahatie 12,B 40,01650,78.00,7
Eläinlääkärinkatu 7,A 16,00580,72.50,5
Metsäpirtintie 12,D 18,02130,91.50,2
Tilkankatu 7,C 38,00300,44.00,1
Valpurintie 3,A 7,00270,52.50,2
Messeniuksenkatu 6,A 26,00250,24.00,5
Lohkopellontie 1,B,00650,100.50,1
Myyräkuja 3,A 4,01450,93.50,2
Soukankaari 13,F 64,02360,29.00,2
Itämerenkatu 8,A 19,00180,72.50,6
Vaniljakuja 3,B 37,00990,47.00,4
Vanhaistentie 14,C 101,00420,96.70,1
Puotilantie 8,A 101,00910,83.00,3
Särkiniementie 18,A 3,00210,114.00,1
Annankalliontie 2b,C,01380,64.00,1
Vaasankatu 15,C 68,00500,57.50,3
Koetilankatu 5,C 13,01520,98.00,2
Laivapojankatu 3,B 30,00180,49.00,4
Kiviaidankatu 7,A 17,00210,59.00,3
Punahilkantie 14,K 92,00820,86.00,3
Soidintie 12,A 4,00700,109.00,3
Klaneettitie 12,B 18,00420,75.00,1
Kauppiaankatu 8-10,E 35,00160,67.50,1
Pitkänsillanranta 11,A 25,00530,47.50,3
Roihuvuorentie 18,A 28,00820,52.50,3
Käärtipolku 8,A 16,00390,43.50,3
Vanhan-Mankkaan tie 16,A 2,02180,73.00,1
Cygnaeuksenkatu 8,D 33,00100,86.50,2
Riistavuorenkuja 3,A 4,00320,93.50,2
Vuorenpeikontie 5,A 12,00820,61.00,2
Merisotilaankatu 1,D 31,00160,63.00,3
Matinkatu 8,C 25,02230,56.00,3
Lasimäki 2,B 27,02780,54.50,3
Porintie 5,A 11,00350,56.50,3
Risto Rytin tie 24,A 13,00570,74.00,3
Viipurinkatu 12,C 32,00510,30.00,2
Linnustajankuja 3,B 7,02940,50.50,1
Caloniuksenkatu 5,B 60,00100,45.00,5
Arabiankatu 8,A 31,00560,33.50,7
Aittatie 16,B 27,00390,68.00,3
Kiviportintie 6,A 5,00950,77.00,2
Munkkiniemen puistotie 12,A 13,00330,145.00,4
Hiihtomäentie 42,B 31,00800,65.00,2
Nukkeruusunkuja 3,B 30,00990,58.00,3
Pohjoiskaari 43,A 7,00200,52.00,3
Antaksentie 13,A 23,01510,62.50,4
Kalliolähteentie 5,E 75,02210,47.00,2
Mätästie 5,A 92,00770,50.50,4
Luhdinsola 10,D 46,01660,76.50,1
Albertinkatu 22-24,A 8,00120,123.00,3
Pronssikuja 2,C 44,01610,39.00,1
Kärrynpyöräntie 4,C 5,02940,95.00,1
Tuohimäentie 94,A 96,00670,96.00,1
Kalliolanrinne 8,A 6,00510,53.00,1
ANIANPELLONTIE 15,A 25,00700,79.00,1
Mäenlaskijantie 2,E 54,00810,52.00,2
Voudintie 4,C 39,00600,71.00,1
Ullanlinnankatu 3,M 69,00130,49.00,2
Vänrikki Stoolin katu 12a,A 16,00100,56.20,3
Majavatie 7b,as. 2,01450,69.00,1
Ripetie 6,as. 4,00730,125.00,1
Runeberginkatu 50,B 47,00260,48.50,6
Haahkatie 16,B 18,00200,26.50,2
Runeberginkatu 6b,B 37,00100,90.50,5
Naavakalliontie 1,F 48,02120,54.40,2
Liisankatu 9,F 66,00170,42.00,6
Pääskyläntie 2,as. A,01230,96.50,1
Savikuja 3,C 10,02770,76.50,1
Lähettilääntie 14,C 2,01520,74.50,1
Harjutori 8,A 21,00500,47.00,4
Salonkitie 10,K 24,02940,91.00,1
Lautamiehentie 9,B 60,01510,69.00,5
Raappavuorenkuja 6,B 18,01620,74.50,2
Rantatöyry 1,A 3,00570,95.00,1
Nervanderinkatu 12,A 8,00100,122.80,2
Hansakallio 3,B 6,02780,30.00,1
Merimiehenkatu 35,A 8,00150,20.90,2
Keinulaudantie 7a,A 6,00940,30.50,2
Laivanvarustajankatu 8b,B 24,00140,30.00,3
Harjutorinkatu 1,B 37,00500,39.00,1
Rautiontie 3,H 32,00640,60.00,2
mäkelänkatu 25,E 40,00550,30.00,2
Välimerenkatu 14,D 155,00220,101.00,4
Unioninkatu 45,B 26,00170,145.00,2
Tuulimyllyntie 8,A 16,00920,50.50,4
Heikunankuja 2,C 9,02680,90.00,1
Kanttiinitie 1,as. E,02680,96.00,1
Antreantie 12,A 5,02140,93.00,1
Rialtonkuja 6,B 16,00580,54.50,1
Itälahdenkatu 8,A 14,00210,35.50,5
Kolsarinkuja 3,D 38,00390,62.00,1
Kolsarinkuja 4,D 30,00390,50.00,1
Tikkurilantori 1,B 20,01300,69.00,3
Poutamäentie 13,C 88,00360,27.00,2
Sturenkatu 33,A 7,00550,26.00,2
Junonkatu 8,B 19,00540,44.50,1
Maksaruohonpolku 3,C 15,00930,95.50,1
Tehtaankatu 38,A 2,00150,31.00,2
Asiakkaankatu 1,B 41,00930,45.50,6
Minervankatu 2,A 22,00100,23.80,5
Hakaniemenranta 26,A 103,00530,53.00,12
Puistokaari 14,A 1,00200,74.00,1
Jussaarenkuja 5,H 86,00840,51.50,2
Mäkelänrinne 3,D 28,00550,79.00,1
Esikkotie 1,B 31,01300,34.50,2
Kauppaneuvoksentie 14,A 11,00200,33.80,4
Pariisinkatu 8,C 55,00560,124.00,8
Nuppukuja 4,B 24,00790,40.50,3
Ounasvaarantie 5,A 15,00970,54.00,5
Näyttelijäntie 20,F 61,00400,48.00,1
Porslahdentie 18,D 12,00980,99.50,1
Sörnäistenkatu 15,D 49,00580,45.00,2
Tasankotie 6,B 35,00730,39.00,4
Limonadikuja 8,A 14,00390,45.50,3
Haikaranportti 6,C 40,02620,75.00,3
Lauttasaarentie 13,A 3,00200,24.00,2
Alakartanontie 2,A 5,02360,110.00,2
Alamäki 2,G 26,02760,95.50,1
Virpikuja 3,A 9,01360,60.50,4
Potinkuja 2,H 28,01670,96.00,1
Kalkkihiekantie 2,C 45,00980,89.50,5
Selkämerenkatu 10,A 14,00180,73.00,5
Agricolankatu 11,A 5,00530,75.00,3
Vuorimiehenkatu 7,E 35,00140,115.50,4
Leankatu 4,A 9,00240,51.50,3
Adolf Lindforsin tie 7,B 76,00400,24.50,8
Isokaari 36,as. 3,00200,125.00,1
Kokkokalliontie 9,J 204,00370,34.50,2
Kerttulinkuja 3,A 89,00810,46.50,4
Hiekkajaalanranta 5,C 50,00980,59.50,5
Hiirakkotie 10,B 10,01200,97.00,1
Uotinmäentie 9,J 70,00970,55.00,1
Koirasaarentie 21,A 17,00590,88.00,5
Väinölänkatu 17,D 32,00610,31.00,1
Meripuistotie 1,C 17,00200,26.00,3
Viides linja 14,B 63,00530,100.00,7
Keinutie 4,E 97,00940,76.00,1
Mataratie 10,A 1,01350,99.50,1
Meripuistotie 1,A 5,00200,71.00,2
Johan Bockin kuja 6,C 21,00720,77.00,1
Ulvilantie 17a,I 147,00350,23.80,4
Lauhatie 9,B 13,01300,85.50,1
Arabiankatu 5,C 4,00560,76.00,1
Englantilaisaukio 10,A 40,00580,52.00,10
Vehkalahdentie 38,A 1,00950,43.00,2
Rapakivenkuja 5,V 153,00710,55.50,1
Pellavakaskenmäki 9,E 8,02340,79.50,1
Kivimäentie 19,I,01620,60.50,1
Väinö Tannerin tie 17,B 31,01510,49.50,4
Koillisväylä 9b,A 14,00200,30.00,2
Helsinginkatu 8,B 68,00500,26.00,5
Etuniementie 3,C 1,02230,38.00,1
Kastanjakuja 6,A 18,01710,23.00,4
Kiviparintie 9,F 84,00920,69.00,5
Urheilukatu 42,A 8,00250,46.50,2
Toinen linja 11,A 28,00530,38.00,5
Unikkotie 14,A 6,01300,31.00,1
Ulvilantie 20,D 54,00350,42.00,4
Kanavakatu 7,C 42,00160,95.50,3
Rakovalkeantie 21,F,00670,116.00,1
Kaivomestarinkatu 6,C 39,02770,58.50,4
Kasöörinkatu 2,D 64,00520,68.00,2
Hietalahdenkatu 16,E 1,00180,57.10,2
Mäntypaadentie 26,as. 2,00830,78.00,1
Klaavuntie 12,G 59,00910,32.00,2
Tulisuonkuja 1,I 49,00930,133.00,1
Kustaankatu 5,B 60,00500,42.00,7
Iso-Kaari 13a,A 6,00200,75.00,2
Humalistonkatu 3,A 16,00250,22.00,4
Laurinniityntie 3,C 32,00440,50.00,2
Ulvilantie 2,A 1,00350,50.30,1
Kokkokalliontie 1,AB 103,00370,38.00,1
Rummunlyöjänkatu 11,C 50,02600,78.50,5
Damaskuksentie 4,A 57,00560,104.00,1
Siilikuja 2,B 57,00800,44.50,5
Puistokaari 19,B 17,00200,27.00,2
Kala-Matti 4,A 6,02230,78.50,2
Nukenkaulus 2,B 32,01300,52.00,5
Myllymatkantie 2,D 133,00920,74.50,6
Kuikkarinne 7,B 27,00200,24.00,2
Amiraalin puistotie 12,A 13,02320,75.00,5
Vänrikki Stoolin katu 12a,A 22,00100,56.20,4
Munkkisaarenkatu 6,B 16,00150,25.00,2
Kaivokselantie 5g,A 5,01610,45.00,1
Lehdokkipolku 4,C 19,00930,74.50,1
Hakaniemenranta 16,B 32,00530,70.00,8
Inarintie 20,B 12,00550,62.00,2
Valssimyllynkatu 13,C 1,00920,81.50,1
Nauriskaski 13,C 6,02340,80.00,1
Karavaanikatu 2,F 72,00980,33.50,5
Spinellikuja 9,A 28,01700,57.50,3
Mannerheimintie 57-59,A 21,00250,22.00,6
Disankatu 4,B 30,00590,90.50,3
Vanha Nurmijärventie 24,A 1,01670,58.50,1
Pohjoinen Hesperiankatu 21,A 21,00260,27.00,5
Suotorpantie 15,J 30,02130,71.00,1
Kaarikuja 4,G 152,00940,47.00,3
Harakankuja 6,E 41,02650,43.00,2
Ounasvaarantie 1,E 110,00970,33.50,2
Pääskylänrinne 10,A 6,00500,52.90,4
Pitkäniityntie 5,B 6,02810,89.00,1
Tehtaankatu 5,B 15,00140,120.00,6
Pyrstökuja 2,B 4,02320,89.50,1
Maurinkatu 4,C 28,00170,70.50,5
Hiirakkotie 8,C 24,01200,94.50,3
Klovinmäki 5,C 2,02180,92.00,1
Kaivokselantie 5,M 27,01610,57.00,3
Soukanlahdentie 3,A 3,02360,157.00,1
Hiekkaharjuntie 13,A 5,01300,52.00,2
Hämeentie 94,A 31,00550,34.00,6
Siilitie 8a,B 76,00800,79.00,6
Pohjoinen Rautatiekatu 17,C 23,00100,63.00,4
Raiviosuonrinne 2,D 62,01620,89.50,4
Ostostie 2,E 116,00940,69.00,3
Ritarikatu 3b,C 17,00170,192.50,4
Wallininkuja 3,A 20,00530,41.50,4
Svinhufvudintie 7,B 28,00570,44.00,2
Luuvaniementie 8,A 5,00350,72.00,2
Kurkimäentie 4,D 31,00940,90.00,2
Rantakartanontie 13,C 27,00910,46.50,3
Sahanmäenkuja 4,B 36,00520,96.00,4
Rauduntie 1,B 4,02330,143.50,1
Karavaanikatu 2,F 59,00980,47.00,3
Munkkisaarenkatu 12,B 38,00150,19.00,3
Laajaniityntie 1a,B 53,01620,76.00,4
Kaskenkaatajantie 9,as. 8,02100,87.00,1
Westendintie 93,E 29,02160,82.00,3
Puolikkotie 1,A 34,02230,87.00,5
Naapurintie 2,F 99,00940,31.50,5
Käsityöläisentie 17,C 16,00750,60.50,1
Steniuksentie 26,A 6,00320,30.00,2
Iivisniemenaukio 2,F 88,02260,74.00,2
Kalkkihiekantie 2,D 61,00980,43.50,5
Katajaharjuntie 21,B 17,00200,31.00,2
Esikoisentie 7,B 50,00430,88.00,1
Lumikintie 4,A 189,00820,50.50,3
Munkkisaarenkatu 4,A 7,00150,44.00,1
Kirjatyöntekijänkatu 8,A 6,00170,37.50,2
Sunantie 21,B 6,02760,80.00,1
Hallavantorpantie 11,D 12,02820,89.00,1
Karavaanikatu 2,I 182,00980,43.00,5
Lapinrinne 2,B 26,00180,42.50,7
Kuparitie 14,F 88,00440,95.00,3
Pohjantie 2,B 36,02100,42.00,1
Köydenpunojankatu 8,J 204,00180,26.00,3
Perustie 11,B 24,00330,61.00,2
Patotie 6,C 33,01600,31.50,2
Ida Ekmanin tie 1,O 127,00400,51.50,3
Vallikuja 3,A 1,02650,79.50,1
Messeniuksenkatu 5,B 46,00250,47.50,4
Tiirasaarentie 12,as. 8,00200,130.00,1
Hirsalantie 6,C 9,02600,71.50,1
Luoteisväylä 24,A 6,00200,88.00,2
Viipurinkatu 9,A 2,00510,25.00,1
Nelikkokuja 3,A 16,02230,56.00,4
Koillisväylä 8,B 26,00200,28.00,3
Kuohurinne 1,D 57,01600,111.00,2
Naapurintie 2,D 65,00940,77.50,5
Mannerheimintie 63,A 22,00250,20.50,6
Halsuantie 3,B 36,00420,74.00,6
Merenneidontie 23,A 3,02320,88.00,1
Jakomäenkuja 1,H 78,00770,74.50,3
Erkki Melartinin tie 7,B 15,00720,30.50,2
Neulapadontie 8,E 43,00920,77.00,3
Ristipellontie 6,D 86,00390,74.00,3
Ulvilantie 23,D 48,00350,23.00,2
Puistokaari 14,A 12,00200,74.00,3
Klaavuntie 9,H 67,00910,76.00,3
Meritullinkatu 31,B 21,00170,84.50,3
Aleksis kiven katu 48,B 50,00510,29.50,7
Liisankatu 3,C 36,00170,88.00,4
Leipurinkuja 1,B 15,02650,54.00,2
Kolmas linja 21,A 4,00530,27.00,2
Kallioimarteentie 15,C 69,01350,68.00,2
Oksasenkatu 1b,B 31,00100,38.00,1
Liuskekuja 4,D 43,00710,73.50,3
Erik Spåren tie 5,as. 3,00790,108.00,1
Kapteeninkatu 2,A 13,00140,46.50,4
Arkadiankatu 33,A 19,00100,48.00,4
Melkonkatu 7,B 61,00210,31.00,5
Ylä-Fallin tie 1,H 37,00690,70.50,1
Matinkallio 7,D 136,02230,46.50,1
Valpurintie 6,A 12,00270,21.00,2
Ulvilantie 29,A 111,00350,43.50,2
Liljatie 5,C,01300,65.50,1
Telakkakatu 2,D 85,00150,27.00,7
Paimenhuilunpolku 3,B 19,00420,26.50,2
Kauniinilmankuja 5,B 25,00990,107.50,2
Kutomotie 14,A 54,00380,34.50,4
Porvarinkuja 1,I 32,00750,79.00,1
Vahtirinne 20,A 13,00370,35.00,2
Ruusulankatu 17,A 5,00250,125.00,2
Biologinkatu 3,B 38,00790,77.00,5
Hakamäki 2,B 13,02120,83.00,1
Kielotie 52,C 14,01300,33.00,4
Pääskylänkatu 5,A 23,00500,22.00,6
Suolakivenkatu 4,C 48,00810,80.50,5
Piispankallionpää 2,A 21,02200,71.50,3
Vanhaistentie 7,C 30,00420,40.50,1
Leenankuja 2,G 70,02230,59.50,6
Kalliolanrinne 6,B 41,00510,46.00,4
Veräjäkallionkatu 4,C 4,02650,133.00,1
Ruorimiehenkatu 6,A 18,02320,79.50,3
Linnanväenpolku 4,H 15,00950,77.00,1
Radiokatu 13,B 50,00240,33.00,5
Yläkaupinkuja 1,B 10,02360,94.00,2
Peltovuorentie 33,C,01690,74.00,1
Kaustisenpolku 1,D 61,00420,71.50,3
Väinämöisenkatu 1,A 15,00100,125.00,3
Kaivokselantie 6,A 20,01610,68.00,5
Kilonportti 3,A 18,02610,46.50,4
Puistokatu 3b,A 14,00140,169.50,7
Niittytaival 5,A 3,02200,33.50,3
Perustie 18,A 19,00330,26.00,5
Tilanhoitajankaari 17,A 7,00790,52.00,2
Kulmakatu 1,C 15,00170,123.00,4
Lapinlahdenkatu 8,A 25,00180,49.50,7
Pihlajatie 3,A 6,00270,23.10,2
Fallpakankuja 15,A 1,00970,112.00,1
Kivalterintie 20,B 18,00620,63.00,1
Hippiäisentie 2,B 4,02660,81.50,1
Johan Bockin kuja 10,B 13,00720,44.00,2
Johan Sederholmin tie 8,A 1,00810,78.50,1
Puistopiha 2,C 52,02610,52.00,4
Vattuniemenkatu 18,B 27,00210,72.00,4
Adolf Lindforsin tie 7,B 43,00400,66.00,1
Koskelantie 29,C 27,00610,66.00,1
Matinniitynkuja 8,A 28,02230,30.00,5
Kanneltie 2,B 19,00420,43.00,1
Sepelkyyhkyntie 2,A 21,02660,69.50,4
Töölöntorinkatu 6,B 43,00260,44.00,5
Sinebrychoffinkatu 13,A 6,00120,124.00,4
Välimerenkatu 10,B 54,00220,52.00,5
Pursimiehenkatu 7,A 1,00150,60.50,1
Raitamaantie 8,F 37,00420,92.00,1
Halkosuontie 65,D 8,00660,194.00,1
Svinhufvudintie 4,C 29,00570,55.00,2
Krattikuja 3,as. 6,02320,92.00,1
Puolikkotie 6,D 122,02230,56.00,5
Vanha Ingaksentie 7,C,02940,129.00,1
Tulisuontie 1,A 5,00820,67.50,2
Eestintaival 14,C 14,02280,94.00,1
Museokatu 34,A 8,00100,82.50,4
Paciuksenkatu 4,C 44,00290,46.00,1
Auringonkatu 6,as. 17,02210,96.00,1
Sörnäistenkatu 15,D 48,00580,57.50,2
Hopeakaivoksentie 36,A 20,00590,65.00,3
Takalantie 19,E 10,00730,90.00,1
Viides linja 6,A 7,00530,65.50,3
Puolikkotie 6,D 140,02230,49.00,7
Kivisaarentie 10,A 1,00960,53.50,1
Iso Roobertinkatu 1,A 6,00120,46.00,2
